{
    "feature_names": [
        "Init Bwd Win Bytes",
        "Fwd Packet Length Max",
        "Fwd Packet Length Std",
        "Fwd IAT Min",
        "Flow IAT Mean",
        "Flow Bytes/s",
        "Avg Packet Size",
        "Total Fwd Packets"
    ],
    "mean": [
        11426.32299983408,
        483.9186195453791,
        238.50767860423724,
        45204.55583750888,
        115634.06475713904,
        325708.22096282896,
        160.96377434745483,
        680.4812078977933
    ],
    "scale": [
        17075.737219914463,
        301.54054726248233,
        121.47205843352386,
        1015317.8927028695,
        1231045.1973182205,
        602644.515605166,
        46.90564382500144,
        9122.483740050544
    ]
}