{
    "feature_names": [
        "IAT",
        "Header_Length",
        "Protocol Type",
        "flow_duration",
        "rst_count",
        "Tot size",
        "Magnitue",
        "AVG"
    ],
    "mean": [
        82946227.54495819,
        69268.14200088085,
        7.406373252679435,
        2.5964629165718227,
        65.39542863461945,
        84.20318805384402,
        11.032745280479302,
        83.85474111781087
    ],
    "scale": [
        20847540.938972678,
        405467.3164622806,
        6.709516490165713,
        26.477828227761,
        398.28310678053236,
        228.0282374074317,
        6.597566103763726,
        221.6471413772571
    ]
}